country;category;year;value
Allemagne;anninc;1950;7062.0521
Allemagne;anninc;1951;7726.4185
Allemagne;anninc;1952;8406.5357
Allemagne;anninc;1953;9140.5077
Allemagne;anninc;1954;9769.694
Allemagne;anninc;1955;10875.3679
Allemagne;anninc;1956;11577.3665
Allemagne;anninc;1957;12126.6666
Allemagne;anninc;1958;12479.3165
Allemagne;anninc;1959;13277.8011
Allemagne;anninc;1960;14266.9939
Allemagne;anninc;1961;14682.553
Allemagne;anninc;1962;15167.0576
Allemagne;anninc;1963;15419.5432
Allemagne;anninc;1964;16320.4556
Allemagne;anninc;1965;17103.661
Allemagne;anninc;1966;17502.3374
Allemagne;anninc;1967;17324.5505
Allemagne;anninc;1968;18289.6926
Allemagne;anninc;1969;19674.3551
Allemagne;anninc;1970;20521.9786
Allemagne;anninc;1971;20979.9802
Allemagne;anninc;1972;21737.6257
Allemagne;anninc;1973;22707.8609
Allemagne;anninc;1974;22701.9189
Allemagne;anninc;1975;22350.6838
Allemagne;anninc;1976;23453.3396
Allemagne;anninc;1977;24101.955
Allemagne;anninc;1978;24782.4495
Allemagne;anninc;1979;25576.7842
Allemagne;anninc;1980;25660.2544
Allemagne;anninc;1981;25489.7299
Allemagne;anninc;1982;25100.8625
Allemagne;anninc;1983;25332.3155
Allemagne;anninc;1984;25910.5708
Allemagne;anninc;1985;26290.3838
Allemagne;anninc;1986;26611.0604
Allemagne;anninc;1987;26668.6878
Allemagne;anninc;1988;27547.5302
Allemagne;anninc;1989;28449.3859
Allemagne;anninc;1990;29671.0692
Allemagne;anninc;1991;33334.7044
Allemagne;anninc;1992;33592.5661
Allemagne;anninc;1993;32766.4467
Allemagne;anninc;1994;33379.0332
Allemagne;anninc;1995;33674.2443
Allemagne;anninc;1996;33879.383
Allemagne;anninc;1997;34373.5078
Allemagne;anninc;1998;34886.0244
Allemagne;anninc;1999;35451.1696
Allemagne;anninc;2000;36247.6736
Allemagne;anninc;2001;36526.1906
Allemagne;anninc;2002;36208.1549
Allemagne;anninc;2003;36139.4924
Allemagne;anninc;2004;37131.3261
Allemagne;anninc;2005;37399.6569
Allemagne;anninc;2006;39169.037
Allemagne;anninc;2007;40042.2203
Allemagne;anninc;2008;40102.0171
Allemagne;anninc;2009;37657.5186
Allemagne;anninc;2010;38896.9335
Allemagne;anninc;2011;39832.0829
Allemagne;anninc;2012;40006.2857
Allemagne;anninc;2013;40031.5626
Allemagne;anninc;2014;40751.4814
Allemagne;anninc;2015;41378.7813
Allemagne;anninc;2016;42285.0698
Allemagne;anninc;2017;43230.4054
Allemagne;anninc;2018;43578.8111
Allemagne;anninc;2019;43387.254
Allemagne;anninc;2020;41454.046
Allemagne;anninc;2021;42850.4037
Allemagne;anninc;2022;43882.322
Allemagne;agdpro;1950;10570.5365
Allemagne;agdpro;1951;11476.7307
Allemagne;agdpro;1952;12383.5851
Allemagne;agdpro;1953;13308.0767
Allemagne;agdpro;1954;14139.7608
Allemagne;agdpro;1955;15631.284
Allemagne;agdpro;1956;16707.814
Allemagne;agdpro;1957;17553.2683
Allemagne;agdpro;1958;18026.3606
Allemagne;agdpro;1959;19165.7998
Allemagne;agdpro;1960;20532.5421
Allemagne;agdpro;1961;21268.7777
Allemagne;agdpro;1962;22047.9274
Allemagne;agdpro;1963;22459.9025
Allemagne;agdpro;1964;23720.8215
Allemagne;agdpro;1965;24730.9526
Allemagne;agdpro;1966;25211.2129
Allemagne;agdpro;1967;25040.4998
Allemagne;agdpro;1968;26308.304
Allemagne;agdpro;1969;28033.1666
Allemagne;agdpro;1970;29373.1229
Allemagne;agdpro;1971;30077.3852
Allemagne;agdpro;1972;31018.1936
Allemagne;agdpro;1973;32193.6618
Allemagne;agdpro;1974;32282.5081
Allemagne;agdpro;1975;31975.5074
Allemagne;agdpro;1976;33549.3691
Allemagne;agdpro;1977;34597.2269
Allemagne;agdpro;1978;35516.0595
Allemagne;agdpro;1979;36798.1055
Allemagne;agdpro;1980;37047.3843
Allemagne;agdpro;1981;36876.4826
Allemagne;agdpro;1982;36493.0855
Allemagne;agdpro;1983;36911.9456
Allemagne;agdpro;1984;37822.8557
Allemagne;agdpro;1985;38512.5932
Allemagne;agdpro;1986;39075.7578
Allemagne;agdpro;1987;39269.0126
Allemagne;agdpro;1988;40243.9636
Allemagne;agdpro;1989;41032.7336
Allemagne;agdpro;1990;42203.2973
Allemagne;agdpro;1991;38415.6357
Allemagne;agdpro;1992;38869.8646
Allemagne;agdpro;1993;38148.8139
Allemagne;agdpro;1994;39056.0456
Allemagne;agdpro;1995;39584.596
Allemagne;agdpro;1996;39778.8883
Allemagne;agdpro;1997;40406.6598
Allemagne;agdpro;1998;41138.7455
Allemagne;agdpro;1999;41777.0805
Allemagne;agdpro;2000;42778.0629
Allemagne;agdpro;2001;43177.8711
Allemagne;agdpro;2002;43038.5654
Allemagne;agdpro;2003;42694.5926
Allemagne;agdpro;2004;43085.0635
Allemagne;agdpro;2005;43240.0257
Allemagne;agdpro;2006;44720.1366
Allemagne;agdpro;2007;46052.4534
Allemagne;agdpro;2008;46402.3681
Allemagne;agdpro;2009;43714.91
Allemagne;agdpro;2010;45160.9726
Allemagne;agdpro;2011;46218.1677
Allemagne;agdpro;2012;46282.4916
Allemagne;agdpro;2013;46313.8048
Allemagne;agdpro;2014;47200.8527
Allemagne;agdpro;2015;47779.4852
Allemagne;agdpro;2016;48712.2767
Allemagne;agdpro;2017;49861.1476
Allemagne;agdpro;2018;50199.9329
Allemagne;agdpro;2019;50590.0265
Allemagne;agdpro;2020;48627.4861
Allemagne;agdpro;2021;49888.8767
Allemagne;agdpro;2022;50826.667
Autriche;"anninc
";1950;8040.1964
Autriche;"anninc
";1951;8585.6303
Autriche;"anninc
";1952;8487.3908
Autriche;"anninc
";1953;8795.8777
Autriche;"anninc
";1954;9715.7567
Autriche;"anninc
";1955;10912.5855
Autriche;"anninc
";1956;11690.6871
Autriche;"anninc
";1957;12460.695
Autriche;"anninc
";1958;12868.5378
Autriche;"anninc
";1959;13161.6748
Autriche;"anninc
";1960;14210.4931
Autriche;"anninc
";1961;14866.4465
Autriche;"anninc
";1962;15116.0455
Autriche;"anninc
";1963;15608.4524
Autriche;"anninc
";1964;16517.3539
Autriche;"anninc
";1965;17009.2957
Autriche;"anninc
";1966;17949.4552
Autriche;"anninc
";1967;18315.4345
Autriche;"anninc
";1968;19064.9759
Autriche;"anninc
";1969;20333.7168
Autriche;"anninc
";1970;21723.0243
Autriche;"anninc
";1971;22750.6318
Autriche;"anninc
";1972;24033.1411
Autriche;"anninc
";1973;25109.1242
Autriche;"anninc
";1974;26033.0035
Autriche;"anninc
";1975;25851.8744
Autriche;"anninc
";1976;27097.4508
Autriche;"anninc
";1977;28202.6452
Autriche;"anninc
";1978;27884.0181
Autriche;"anninc
";1979;29331.0971
Autriche;"anninc
";1980;29504.5047
Autriche;"anninc
";1981;29012.0048
Autriche;"anninc
";1982;29384.4962
Autriche;"anninc
";1983;30211.9966
Autriche;"anninc
";1984;29956.2576
Autriche;"anninc
";1985;30526.1584
Autriche;"anninc
";1986;30896.231
Autriche;"anninc
";1987;31054.4748
Autriche;"anninc
";1988;32009.0539
Autriche;"anninc
";1989;32966.703
Autriche;"anninc
";1990;34044.4536
Autriche;"anninc
";1991;34537.7908
Autriche;"anninc
";1992;34822.9273
Autriche;"anninc
";1993;34583.0033
Autriche;"anninc
";1994;35230.7701
Autriche;"anninc
";1995;36090.9239
Autriche;"anninc
";1996;36944.3796
Autriche;"anninc
";1997;37420.8784
Autriche;"anninc
";1998;38623.1029
Autriche;"anninc
";1999;39446.2309
Autriche;"anninc
";2000;40791.0702
Autriche;"anninc
";2001;40770.4176
Autriche;"anninc
";2002;41356.6916
Autriche;"anninc
";2003;41435.6739
Autriche;"anninc
";2004;42297.4092
Autriche;"anninc
";2005;42920.244
Autriche;"anninc
";2006;44309.4585
Autriche;"anninc
";2007;45666.2986
Autriche;"anninc
";2008;46329.9734
Autriche;"anninc
";2009;43428.652
Autriche;"anninc
";2010;44481.0055
Autriche;"anninc
";2011;45294.9235
Autriche;"anninc
";2012;44968.7609
Autriche;"anninc
";2013;44524.5435
Autriche;"anninc
";2014;44263.2227
Autriche;"anninc
";2015;43597.5012
Autriche;"anninc
";2016;44413.3728
Autriche;"anninc
";2017;44506.1235
Autriche;"anninc
";2018;45307.9477
Autriche;"anninc
";2019;46007.2529
Autriche;"anninc
";2020;42282.8036
Autriche;"anninc
";2021;44469.1907
Autriche;"anninc
";2022;47444.936
Autriche;"agdpro
";1950;9408.4792
Autriche;"agdpro
";1951;10045.7335
Autriche;"agdpro
";1952;10048.5244
Autriche;"agdpro
";1953;10478.6944
Autriche;"agdpro
";1954;11549.3747
Autriche;"agdpro
";1955;12843.5128
Autriche;"agdpro
";1956;13767.4851
Autriche;"agdpro
";1957;14650.1521
Autriche;"agdpro
";1958;15200.2375
Autriche;"agdpro
";1959;15563.7981
Autriche;"agdpro
";1960;16685.2728
Autriche;"agdpro
";1961;17447.0941
Autriche;"agdpro
";1962;17796.235
Autriche;"agdpro
";1963;18450.6069
Autriche;"agdpro
";1964;19493.5643
Autriche;"agdpro
";1965;20136.2144
Autriche;"agdpro
";1966;21238.9901
Autriche;"agdpro
";1967;21755.3987
Autriche;"agdpro
";1968;22635.0888
Autriche;"agdpro
";1969;24023.8381
Autriche;"agdpro
";1970;25496.5004
Autriche;"agdpro
";1971;26717.61
Autriche;"agdpro
";1972;28225.9957
Autriche;"agdpro
";1973;29413.2425
Autriche;"agdpro
";1974;30479.3643
Autriche;"agdpro
";1975;30395.3584
Autriche;"agdpro
";1976;31736.6625
Autriche;"agdpro
";1977;33175.741
Autriche;"agdpro
";1978;32950.5158
Autriche;"agdpro
";1979;34566.8161
Autriche;"agdpro
";1980;34952.4248
Autriche;"agdpro
";1981;34607.7493
Autriche;"agdpro
";1982;35047.6873
Autriche;"agdpro
";1983;35876.3041
Autriche;"agdpro
";1984;35615.0763
Autriche;"agdpro
";1985;36211.9557
Autriche;"agdpro
";1986;36755.0639
Autriche;"agdpro
";1987;36965.9625
Autriche;"agdpro
";1988;37866.9565
Autriche;"agdpro
";1989;38925.822
Autriche;"agdpro
";1990;40124.8835
Autriche;"agdpro
";1991;40971.6411
Autriche;"agdpro
";1992;41302.3621
Autriche;"agdpro
";1993;41130.8151
Autriche;"agdpro
";1994;41904.5443
Autriche;"agdpro
";1995;42908.0571
Autriche;"agdpro
";1996;43823.1915
Autriche;"agdpro
";1997;44655.9946
Autriche;"agdpro
";1998;46157.9613
Autriche;"agdpro
";1999;47641.415
Autriche;"agdpro
";2000;49023.1871
Autriche;"agdpro
";2001;49292.5085
Autriche;"agdpro
";2002;49692.5368
Autriche;"agdpro
";2003;49774.9612
Autriche;"agdpro
";2004;50686.2814
Autriche;"agdpro
";2005;51334.7924
Autriche;"agdpro
";2006;52696.284
Autriche;"agdpro
";2007;54323.4688
Autriche;"agdpro
";2008;54777.0823
Autriche;"agdpro
";2009;52414.6827
Autriche;"agdpro
";2010;53082.2648
Autriche;"agdpro
";2011;54264.767
Autriche;"agdpro
";2012;54201.7858
Autriche;"agdpro
";2013;53722.7752
Autriche;"agdpro
";2014;53502.2945
Autriche;"agdpro
";2015;53375.4948
Autriche;"agdpro
";2016;53827.6198
Autriche;"agdpro
";2017;54607.582
Autriche;"agdpro
";2018;55594.0703
Autriche;"agdpro
";2019;56132.527
Autriche;"agdpro
";2020;52301.3724
Autriche;"agdpro
";2021;54565.0673
Autriche;"agdpro
";2022;57656.0766
Belgique;anninc;1950;10717.8262
Belgique;anninc;1951;11308.4321
Belgique;anninc;1952;11083.6989
Belgique;anninc;1953;11381.9577
Belgique;anninc;1954;11817.107
Belgique;anninc;1955;12365.3156
Belgique;anninc;1956;12685.8353
Belgique;anninc;1957;12863.7376
Belgique;anninc;1958;12734.7907
Belgique;anninc;1959;13078.3102
Belgique;anninc;1960;14180.4545
Belgique;anninc;1961;14871.2805
Belgique;anninc;1962;15632.4916
Belgique;anninc;1963;16253.3945
Belgique;anninc;1964;17341.8682
Belgique;anninc;1965;17953.8113
Belgique;anninc;1966;18417.872
Belgique;anninc;1967;19012.2651
Belgique;anninc;1968;19701.1514
Belgique;anninc;1969;20900.0058
Belgique;anninc;1970;22000.3026
Belgique;anninc;1971;22822.0153
Belgique;anninc;1972;23945.8662
Belgique;anninc;1973;25464.3165
Belgique;anninc;1974;26392.1608
Belgique;anninc;1975;25749.9207
Belgique;anninc;1976;27230.4075
Belgique;anninc;1977;26977.8712
Belgique;anninc;1978;27523.7707
Belgique;anninc;1979;27818.4271
Belgique;anninc;1980;28199.3559
Belgique;anninc;1981;27715.9901
Belgique;anninc;1982;27563.8587
Belgique;anninc;1983;27443.687
Belgique;anninc;1984;28122.228
Belgique;anninc;1985;28527.2651
Belgique;anninc;1986;29053.7671
Belgique;anninc;1987;29741.9145
Belgique;anninc;1988;31134.4661
Belgique;anninc;1989;32030.628
Belgique;anninc;1990;32885.5934
Belgique;anninc;1991;33384.2
Belgique;anninc;1992;33647.2663
Belgique;anninc;1993;33484.1431
Belgique;anninc;1994;34789.4062
Belgique;anninc;1995;35414.6505
Belgique;anninc;1996;35595.9704
Belgique;anninc;1997;36939.659
Belgique;anninc;1998;37484.0805
Belgique;anninc;1999;38496.4423
Belgique;anninc;2000;39790.2517
Belgique;anninc;2001;39574.3859
Belgique;anninc;2002;39847.6128
Belgique;anninc;2003;39792.561
Belgique;anninc;2004;40775.2724
Belgique;anninc;2005;41417.3277
Belgique;anninc;2006;42116.7441
Belgique;anninc;2007;43254.3579
Belgique;anninc;2008;43083.3833
Belgique;anninc;2009;41163.8678
Belgique;anninc;2010;42007.2871
Belgique;anninc;2011;41555.0496
Belgique;anninc;2012;42473.5647
Belgique;anninc;2013;42526.6767
Belgique;anninc;2014;42867.6099
Belgique;anninc;2015;43202.262
Belgique;anninc;2016;43152.3828
Belgique;anninc;2017;43631.1302
Belgique;anninc;2018;44038.4765
Belgique;anninc;2019;44254.9889
Belgique;anninc;2020;41275.1722
Belgique;anninc;2021;44055.38
Belgique;anninc;2022;46460.2934
Belgique;"agdpro
";1950;12602.9805
Belgique;"agdpro
";1951;13248.5459
Belgique;"agdpro
";1952;13078.7721
Belgique;"agdpro
";1953;13437.9019
Belgique;"agdpro
";1954;13941.0346
Belgique;"agdpro
";1955;14559.9054
Belgique;"agdpro
";1956;14948.4085
Belgique;"agdpro
";1957;15189.8604
Belgique;"agdpro
";1958;15126.3107
Belgique;"agdpro
";1959;15550.0987
Belgique;"agdpro
";1960;16354.5383
Belgique;"agdpro
";1961;17166.9217
Belgique;"agdpro
";1962;18060.4049
Belgique;"agdpro
";1963;18824.5718
Belgique;"agdpro
";1964;20074.8755
Belgique;"agdpro
";1965;20716.2843
Belgique;"agdpro
";1966;21267.1717
Belgique;"agdpro
";1967;21951.1625
Belgique;"agdpro
";1968;22742.0239
Belgique;"agdpro
";1969;24125.154
Belgique;"agdpro
";1970;25341.9278
Belgique;"agdpro
";1971;26221.8328
Belgique;"agdpro
";1972;27468.996
Belgique;"agdpro
";1973;29061.1566
Belgique;"agdpro
";1974;30212.5334
Belgique;"agdpro
";1975;29445.8725
Belgique;"agdpro
";1976;30933.1946
Belgique;"agdpro
";1977;30929.9617
Belgique;"agdpro
";1978;31592.5229
Belgique;"agdpro
";1979;32103.3222
Belgique;"agdpro
";1980;33292.5702
Belgique;"agdpro
";1981;32967.9863
Belgique;"agdpro
";1982;32931.7778
Belgique;"agdpro
";1983;32812.0678
Belgique;"agdpro
";1984;33386.3245
Belgique;"agdpro
";1985;33707.6755
Belgique;"agdpro
";1986;34118.7165
Belgique;"agdpro
";1987;34708.5835
Belgique;"agdpro
";1988;36146.9501
Belgique;"agdpro
";1989;37207.3437
Belgique;"agdpro
";1990;38172.3203
Belgique;"agdpro
";1991;38658.7342
Belgique;"agdpro
";1992;39046.3136
Belgique;"agdpro
";1993;38497.7355
Belgique;"agdpro
";1994;39583.161
Belgique;"agdpro
";1995;40379.3798
Belgique;"agdpro
";1996;40765.0194
Belgique;"agdpro
";1997;42139.0973
Belgique;"agdpro
";1998;42773.3014
Belgique;"agdpro
";1999;44071.914
Belgique;"agdpro
";2000;45464.0962
Belgique;"agdpro
";2001;45693.9097
Belgique;"agdpro
";2002;46194.9179
Belgique;"agdpro
";2003;46404.3179
Belgique;"agdpro
";2004;47769.7132
Belgique;"agdpro
";2005;48564.8236
Belgique;"agdpro
";2006;49466.62
Belgique;"agdpro
";2007;50913.8539
Belgique;"agdpro
";2008;50764.9555
Belgique;"agdpro
";2009;49365.7533
Belgique;"agdpro
";2010;50385.2274
Belgique;"agdpro
";2011;50824.6257
Belgique;"agdpro
";2012;50794.4211
Belgique;"agdpro
";2013;50653.374
Belgique;"agdpro
";2014;51087.2301
Belgique;"agdpro
";2015;51779.4417
Belgique;"agdpro
";2016;52094.2345
Belgique;"agdpro
";2017;52589.6083
Belgique;"agdpro
";2018;53196.6559
Belgique;"agdpro
";2019;54054.4847
Belgique;"agdpro
";2020;50888.822
Belgique;"agdpro
";2021;53733.5032
Belgique;"agdpro
";2022;56250.2752
Canada;anninc;1950;15171.8502
Canada;anninc;1951;15793.3752
Canada;anninc;1952;16588.3542
Canada;anninc;1953;16835.6912
Canada;anninc;1954;16163.0006
Canada;anninc;1955;17247.1739
Canada;anninc;1956;18232.7864
Canada;anninc;1957;18257.5632
Canada;anninc;1958;18324.4205
Canada;anninc;1959;18703.6196
Canada;anninc;1960;18527.0844
Canada;anninc;1961;19501.2293
Canada;anninc;1962;20726.0744
Canada;anninc;1963;21480.1669
Canada;anninc;1964;22464.0096
Canada;anninc;1965;23454.1652
Canada;anninc;1966;24500.7989
Canada;anninc;1967;24616.8027
Canada;anninc;1968;25293.0404
Canada;anninc;1969;26071.618
Canada;anninc;1970;25736.2474
Canada;anninc;1971;25980.7545
Canada;anninc;1972;27086.435
Canada;anninc;1973;28383.9365
Canada;anninc;1974;28739.961
Canada;anninc;1975;28304.299
Canada;anninc;1976;28993.1689
Canada;anninc;1977;29061.2931
Canada;anninc;1978;29488.4023
Canada;anninc;1979;29761.0211
Canada;anninc;1980;29623.8192
Canada;anninc;1981;29850.1301
Canada;anninc;1982;28173.6254
Canada;anninc;1983;28380.3055
Canada;anninc;1984;29473.5018
Canada;anninc;1985;30380.1386
Canada;anninc;1986;30393.8309
Canada;anninc;1987;31338.1357
Canada;anninc;1988;32613.8644
Canada;anninc;1989;32725.7105
Canada;anninc;1990;31982.9181
Canada;anninc;1991;30839.7828
Canada;anninc;1992;30466.4264
Canada;anninc;1993;30790.4186
Canada;anninc;1994;31894.1683
Canada;anninc;1995;32479.5055
Canada;anninc;1996;32592.1135
Canada;anninc;1997;33712.8947
Canada;anninc;1998;34586.8004
Canada;anninc;1999;36184.4687
Canada;anninc;2000;37936.1376
Canada;anninc;2001;37690.2068
Canada;anninc;2002;38382.7121
Canada;anninc;2003;38658.8313
Canada;anninc;2004;39621.2169
Canada;anninc;2005;40400.3909
Canada;anninc;2006;41411.2504
Canada;anninc;2007;41590.2084
Canada;anninc;2008;41076.043
Canada;anninc;2009;38937.8587
Canada;anninc;2010;39667.7795
Canada;anninc;2011;39915.6259
Canada;anninc;2012;40581.4692
Canada;anninc;2013;41062.8644
Canada;anninc;2014;41762.3182
Canada;anninc;2015;41278.6155
Canada;anninc;2016;41242.5931
Canada;anninc;2017;42248.8246
Canada;anninc;2018;42589.4436
Canada;anninc;2019;42284.4639
Canada;anninc;2020;39175.5653
Canada;anninc;2021;40789.4532
Canada;anninc;2022;41909.1112
Canada;agdpro;1950;16867.7079
Canada;agdpro;1951;17478.0871
Canada;agdpro;1952;18329.6532
Canada;agdpro;1953;18751.3403
Canada;agdpro;1954;18222.2671
Canada;agdpro;1955;19532.3002
Canada;agdpro;1956;20685.1829
Canada;agdpro;1957;20826.6741
Canada;agdpro;1958;20785.1574
Canada;agdpro;1959;21259.7295
Canada;agdpro;1960;21585.6217
Canada;agdpro;1961;22667.1737
Canada;agdpro;1962;24024.5749
Canada;agdpro;1963;24893.5279
Canada;agdpro;1964;25977.5319
Canada;agdpro;1965;27078.4769
Canada;agdpro;1966;28240.053
Canada;agdpro;1967;28423.4509
Canada;agdpro;1968;29076.9629
Canada;agdpro;1969;29850.4553
Canada;agdpro;1970;29629.3301
Canada;agdpro;1971;29885.7863
Canada;agdpro;1972;30942.8741
Canada;agdpro;1973;32408.1073
Canada;agdpro;1974;32862.1161
Canada;agdpro;1975;32528.8122
Canada;agdpro;1976;33387.1771
Canada;agdpro;1977;33604.5686
Canada;agdpro;1978;34247.158
Canada;agdpro;1979;34738.3369
Canada;agdpro;1980;34722.789
Canada;agdpro;1981;35187.9433
Canada;agdpro;1982;33371.5735
Canada;agdpro;1983;33438.1674
Canada;agdpro;1984;34718.0522
Canada;agdpro;1985;35825.4615
Canada;agdpro;1986;35999.5531
Canada;agdpro;1987;36864.7723
Canada;agdpro;1988;38210.6938
Canada;agdpro;1989;38428.1967
Canada;agdpro;1990;37789.2296
Canada;agdpro;1991;36477.4689
Canada;agdpro;1992;36248.9319
Canada;agdpro;1993;36592.7683
Canada;agdpro;1994;37924.9251
Canada;agdpro;1995;38522.6542
Canada;agdpro;1996;38688.3867
Canada;agdpro;1997;39806.6628
Canada;agdpro;1998;40981.3905
Canada;agdpro;1999;42763.098
Canada;agdpro;2000;44427.3885
Canada;agdpro;2001;44514.9358
Canada;agdpro;2002;45141.03
Canada;agdpro;2003;45382.1613
Canada;agdpro;2004;46185.1333
Canada;agdpro;2005;46958.7372
Canada;agdpro;2006;47661.6792
Canada;agdpro;2007;48012.8157
Canada;agdpro;2008;47693.9452
Canada;agdpro;2009;45692.3941
Canada;agdpro;2010;46505.1742
Canada;agdpro;2011;46947.7033
Canada;agdpro;2012;47110.6494
Canada;agdpro;2013;47552.1754
Canada;agdpro;2014;48329.3458
Canada;agdpro;2015;48122.2081
Canada;agdpro;2016;48030.0354
Canada;agdpro;2017;48825.6515
Canada;agdpro;2018;49445.3371
Canada;agdpro;2019;49615.4163
Canada;agdpro;2020;46422.5866
Canada;agdpro;2021;48038.5059
Canada;agdpro;2022;49171.8841
Danemark;anninc;1950;13644.7947
Danemark;anninc;1951;13619.9812
Danemark;anninc;1952;13640.5198
Danemark;anninc;1953;14402.4056
Danemark;anninc;1954;14581.0629
Danemark;anninc;1955;14603.9188
Danemark;anninc;1956;14629.4307
Danemark;anninc;1957;15717.585
Danemark;anninc;1958;15901.2896
Danemark;anninc;1959;17024.1194
Danemark;anninc;1960;17308.2103
Danemark;anninc;1961;18299.4596
Danemark;anninc;1962;19153.256
Danemark;anninc;1963;18940.8968
Danemark;anninc;1964;20606.8725
Danemark;anninc;1965;21256.6055
Danemark;anninc;1966;21627.4537
Danemark;anninc;1967;22742.5273
Danemark;anninc;1968;23771.7535
Danemark;anninc;1969;25531.9888
Danemark;anninc;1970;25744.7395
Danemark;anninc;1971;26188.6633
Danemark;anninc;1972;27213.3818
Danemark;anninc;1973;28522.7943
Danemark;anninc;1974;26813.3711
Danemark;anninc;1975;26474.1191
Danemark;anninc;1976;28211.8583
Danemark;anninc;1977;28550.3273
Danemark;anninc;1978;29317.6625
Danemark;anninc;1979;29871.6545
Danemark;anninc;1980;28835.5609
Danemark;anninc;1981;27838.5658
Danemark;anninc;1982;28537.8411
Danemark;anninc;1983;29277.0403
Danemark;anninc;1984;30259.7822
Danemark;anninc;1985;31334.4452
Danemark;anninc;1986;33160.0739
Danemark;anninc;1987;32852.852
Danemark;anninc;1988;32362.2006
Danemark;anninc;1989;32333.9904
Danemark;anninc;1990;32556.8041
Danemark;anninc;1991;32675.9936
Danemark;anninc;1992;33749.5984
Danemark;anninc;1993;33538.4984
Danemark;anninc;1994;34997.5645
Danemark;anninc;1995;36289.179
Danemark;anninc;1996;37302.2791
Danemark;anninc;1997;38216.3897
Danemark;anninc;1998;39139.1771
Danemark;anninc;1999;40282.4396
Danemark;anninc;2000;41276.1333
Danemark;anninc;2001;41617.9143
Danemark;anninc;2002;42018.8667
Danemark;anninc;2003;42331.9507
Danemark;anninc;2004;44214.9415
Danemark;anninc;2005;46450.3899
Danemark;anninc;2006;48453.3215
Danemark;anninc;2007;47862.3262
Danemark;anninc;2008;47354.6492
Danemark;anninc;2009;44580.6789
Danemark;anninc;2010;46200.3502
Danemark;anninc;2011;46320.0794
Danemark;anninc;2012;46071.5845
Danemark;anninc;2013;46805.3025
Danemark;anninc;2014;47967.5587
Danemark;anninc;2015;48061.1305
Danemark;anninc;2016;49029.7356
Danemark;anninc;2017;49981.1564
Danemark;anninc;2018;50853.6184
Danemark;anninc;2019;50526.0483
Danemark;anninc;2020;49625.4291
Danemark;anninc;2021;51816.1709
Danemark;anninc;2022;55798.0459
Danemark;agdpro;1950;15815.9079
Danemark;agdpro;1951;15823.0715
Danemark;agdpro;1952;15879.9045
Danemark;agdpro;1953;16685.46
Danemark;agdpro;1954;16910.8555
Danemark;agdpro;1955;16985.2326
Danemark;agdpro;1956;17075.1855
Danemark;agdpro;1957;18248.2348
Danemark;agdpro;1958;18531.5321
Danemark;agdpro;1959;19766.8744
Danemark;agdpro;1960;20169.4564
Danemark;agdpro;1961;21283.8316
Danemark;agdpro;1962;22258.1612
Danemark;agdpro;1963;22161.5526
Danemark;agdpro;1964;23946.8025
Danemark;agdpro;1965;24710.6247
Danemark;agdpro;1966;25205.1172
Danemark;agdpro;1967;26545.9778
Danemark;agdpro;1968;27751.4275
Danemark;agdpro;1969;29598.907
Danemark;agdpro;1970;29986.5056
Danemark;agdpro;1971;30572.5276
Danemark;agdpro;1972;31784.485
Danemark;agdpro;1973;33006.918
Danemark;agdpro;1974;31519.3244
Danemark;agdpro;1975;31151.2379
Danemark;agdpro;1976;32937.8952
Danemark;agdpro;1977;33481.0306
Danemark;agdpro;1978;34454.7677
Danemark;agdpro;1979;35279.7295
Danemark;agdpro;1980;34646.7999
Danemark;agdpro;1981;33977.6393
Danemark;agdpro;1982;34826.5576
Danemark;agdpro;1983;35699.0302
Danemark;agdpro;1984;36995.3746
Danemark;agdpro;1985;38322.31
Danemark;agdpro;1986;40338.1086
Danemark;agdpro;1987;40066.5039
Danemark;agdpro;1988;39686.799
Danemark;agdpro;1989;39959.0916
Danemark;agdpro;1990;40571.7895
Danemark;agdpro;1991;40930.6912
Danemark;agdpro;1992;41878.1757
Danemark;agdpro;1993;41617.9989
Danemark;agdpro;1994;43338.4374
Danemark;agdpro;1995;44396.3605
Danemark;agdpro;1996;45626.0418
Danemark;agdpro;1997;46965.5057
Danemark;agdpro;1998;47700.4617
Danemark;agdpro;1999;48851.6074
Danemark;agdpro;2000;50657.5335
Danemark;agdpro;2001;50934.0798
Danemark;agdpro;2002;51364.11
Danemark;agdpro;2003;51705.4466
Danemark;agdpro;2004;53200.1615
Danemark;agdpro;2005;54840.5196
Danemark;agdpro;2006;56712.0295
Danemark;agdpro;2007;56930.4095
Danemark;agdpro;2008;57033.4094
Danemark;agdpro;2009;53694.7704
Danemark;agdpro;2010;54826.552
Danemark;agdpro;2011;54525.0229
Danemark;agdpro;2012;54300.7596
Danemark;agdpro;2013;54522.6421
Danemark;agdpro;2014;55198.4372
Danemark;agdpro;2015;56004.6593
Danemark;agdpro;2016;57342.0915
Danemark;agdpro;2017;58488.4333
Danemark;agdpro;2018;59204.0358
Danemark;agdpro;2019;59655.229
Danemark;agdpro;2020;58041.9489
Danemark;agdpro;2021;60459.4935
Danemark;agdpro;2022;64670.7109
France;anninc;1950;10021.2065
France;anninc;1951;10426.8569
France;anninc;1952;10618.8725
France;anninc;1953;10967.0509
France;anninc;1954;11560.5172
France;anninc;1955;12128.9749
France;anninc;1956;12591.2083
France;anninc;1957;13207.9411
France;anninc;1958;13415.3246
France;anninc;1959;13603.3192
France;anninc;1960;14679.1218
France;anninc;1961;15315.1864
France;anninc;1962;16321.658
France;anninc;1963;16991.6632
France;anninc;1964;17971.6316
France;anninc;1965;18677.9791
France;anninc;1966;19512.979
France;anninc;1967;20202.8607
France;anninc;1968;20824.4794
France;anninc;1969;22016.0469
France;anninc;1970;22963.6042
France;anninc;1971;23956.7549
France;anninc;1972;24694.4634
France;anninc;1973;26066.3046
France;anninc;1974;26825.812
France;anninc;1975;25972.3209
France;anninc;1976;26807.7345
France;anninc;1977;27416.5789
France;anninc;1978;28027.9973
France;anninc;1979;28844.9197
France;anninc;1980;28973.5272
France;anninc;1981;28896.1983
France;anninc;1982;29102.6046
France;anninc;1983;28956.1816
France;anninc;1984;29063.2616
France;anninc;1985;29428.2212
France;anninc;1986;29959.7985
France;anninc;1987;30483.9086
France;anninc;1988;31597.7017
France;anninc;1989;32639.1828
France;anninc;1990;33143.2573
France;anninc;1991;33027.3154
France;anninc;1992;33279.0606
France;anninc;1993;32797.7006
France;anninc;1994;33281.9809
France;anninc;1995;33735.2765
France;anninc;1996;34090.208
France;anninc;1997;34875.3276
France;anninc;1998;35949.1749
France;anninc;1999;37202.637
France;anninc;2000;38167.012
France;anninc;2001;38423.0253
France;anninc;2002;38050.2053
France;anninc;2003;38120.3028
France;anninc;2004;38885.003
France;anninc;2005;39360.0509
France;anninc;2006;40113.0663
France;anninc;2007;40622.5058
France;anninc;2008;39954.7208
France;anninc;2009;38327.3642
France;anninc;2010;38943.7078
France;anninc;2011;39057.2048
France;anninc;2012;38474.0587
France;anninc;2013;38577.1102
France;anninc;2014;38718.0352
France;anninc;2015;39007.7176
France;anninc;2016;39198.6615
France;anninc;2017;39992.2649
France;anninc;2018;40427.6046
France;anninc;2019;40346.7958
France;anninc;2020;36668.6785
France;anninc;2021;39537.5503
France;anninc;2022;40593.438
France;agdpro;1950;10776.3676
France;agdpro;1951;11298.8157
France;agdpro;1952;11563.1548
France;agdpro;1953;11889.0259
France;agdpro;1954;12499.2676
France;agdpro;1955;13084.4938
France;agdpro;1956;13645.9507
France;agdpro;1957;14294.3385
France;agdpro;1958;14572.2874
France;agdpro;1959;14848.5111
France;agdpro;1960;15977.463
France;agdpro;1961;16675.594
France;agdpro;1962;17739.2758
France;agdpro;1963;18455.7132
France;agdpro;1964;19521.5994
France;agdpro;1965;20320.463
France;agdpro;1966;21272.3901
France;agdpro;1967;22053.0433
France;agdpro;1968;22760.9504
France;agdpro;1969;24063.3808
France;agdpro;1970;25116.0405
France;agdpro;1971;26188.2524
France;agdpro;1972;27053.4404
France;agdpro;1973;28514.9725
France;agdpro;1974;29529.6778
France;agdpro;1975;28910.1392
France;agdpro;1976;29930.0201
France;agdpro;1977;30704.7309
France;agdpro;1978;31585.4456
France;agdpro;1979;32382.7757
France;agdpro;1980;32593.5376
France;agdpro;1981;32601.6844
France;agdpro;1982;33056.9456
France;agdpro;1983;33150.7773
France;agdpro;1984;33325.6934
France;agdpro;1985;33524.1873
France;agdpro;1986;33961.3339
France;agdpro;1987;34447.9362
France;agdpro;1988;35721.3257
France;agdpro;1989;36863.8875
France;agdpro;1990;37457.6439
France;agdpro;1991;37481.03
France;agdpro;1992;37648.5661
France;agdpro;1993;37019.3472
France;agdpro;1994;37519.3677
France;agdpro;1995;38009.8997
France;agdpro;1996;38203.6013
France;agdpro;1997;38846.6218
France;agdpro;1998;39935.2232
France;agdpro;1999;41028.7126
France;agdpro;2000;42199.3568
France;agdpro;2001;42575.4505
France;agdpro;2002;42562.7032
France;agdpro;2003;42547.1764
France;agdpro;2004;43285.7538
France;agdpro;2005;43748.2991
France;agdpro;2006;44505.1828
France;agdpro;2007;45171.5894
France;agdpro;2008;44809.2973
France;agdpro;2009;43294.7632
France;agdpro;2010;43706.8943
France;agdpro;2011;43867.338
France;agdpro;2012;43460.4782
France;agdpro;2013;43501.308
France;agdpro;2014;43725.6798
France;agdpro;2015;44032.5738
France;agdpro;2016;44346.8478
France;agdpro;2017;45200.3427
France;agdpro;2018;45877.963
France;agdpro;2019;46543.6986
France;agdpro;2020;42763.4015
France;agdpro;2021;45517.3962
France;agdpro;2022;46515.9996
Italie;anninc;1950;8149.7462
Italie;anninc;1951;8638.9939
Italie;anninc;1952;9180.2567
Italie;anninc;1953;9699.9252
Italie;anninc;1954;10038.1622
Italie;anninc;1955;10504.8484
Italie;anninc;1956;10864.2129
Italie;anninc;1957;11418.1733
Italie;anninc;1958;11915.0979
Italie;anninc;1959;12539.3333
Italie;anninc;1960;13128.6612
Italie;anninc;1961;14069.829
Italie;anninc;1962;14805.9807
Italie;anninc;1963;15443.3411
Italie;anninc;1964;15667.196
Italie;anninc;1965;16126.3088
Italie;anninc;1966;17115.1347
Italie;anninc;1967;18205.0
Italie;anninc;1968;19284.3277
Italie;anninc;1969;20296.5591
Italie;anninc;1970;21085.3612
Italie;anninc;1971;21346.0709
Italie;anninc;1972;21986.7881
Italie;anninc;1973;23275.6614
Italie;anninc;1974;24017.3069
Italie;anninc;1975;23037.2026
Italie;anninc;1976;24634.7872
Italie;anninc;1977;25092.5823
Italie;anninc;1978;25839.4753
Italie;anninc;1979;27427.3333
Italie;anninc;1980;28234.7501
Italie;anninc;1981;27775.6448
Italie;anninc;1982;27555.1135
Italie;anninc;1983;27735.8163
Italie;anninc;1984;28407.3096
Italie;anninc;1985;28848.1139
Italie;anninc;1986;29446.7683
Italie;anninc;1987;30211.6401
Italie;anninc;1988;31246.2803
Italie;anninc;1989;31968.5365
Italie;anninc;1990;32075.2715
Italie;anninc;1991;32213.8945
Italie;anninc;1992;31829.7685
Italie;anninc;1993;31297.1755
Italie;anninc;1994;31754.8596
Italie;anninc;1995;32592.8413
Italie;anninc;1996;32882.8846
Italie;anninc;1997;33584.7166
Italie;anninc;1998;33833.7301
Italie;anninc;1999;34535.1332
Italie;anninc;2000;35532.3093
Italie;anninc;2001;36120.6246
Italie;anninc;2002;35933.155
Italie;anninc;2003;35531.2359
Italie;anninc;2004;35840.7069
Italie;anninc;2005;35962.1301
Italie;anninc;2006;36601.14
Italie;anninc;2007;36827.8705
Italie;anninc;2008;35484.7772
Italie;anninc;2009;33190.7488
Italie;anninc;2010;33618.2947
Italie;anninc;2011;33403.7087
Italie;anninc;2012;31881.5942
Italie;anninc;2013;31046.7452
Italie;anninc;2014;31048.1835
Italie;anninc;2015;31092.1412
Italie;anninc;2016;31910.9363
Italie;anninc;2017;32562.0566
Italie;anninc;2018;33073.0708
Italie;anninc;2019;32919.6658
Italie;anninc;2020;29582.6683
Italie;anninc;2021;32167.7473
Italie;anninc;2022;33660.4215
Italie;agdpro;1950;9245.3175
Italie;agdpro;1951;9804.1796
Italie;agdpro;1952;10419.8567
Italie;agdpro;1953;11008.1097
Italie;agdpro;1954;11411.3864
Italie;agdpro;1955;11946.2115
Italie;agdpro;1956;12375.3827
Italie;agdpro;1957;13003.1875
Italie;agdpro;1958;13575.7072
Italie;agdpro;1959;14277.9177
Italie;agdpro;1960;14916.8671
Italie;agdpro;1961;15960.8413
Italie;agdpro;1962;16795.0373
Italie;agdpro;1963;17551.2221
Italie;agdpro;1964;17896.482
Italie;agdpro;1965;18387.9311
Italie;agdpro;1966;19417.8108
Italie;agdpro;1967;20589.1815
Italie;agdpro;1968;21766.4523
Italie;agdpro;1969;22907.6674
Italie;agdpro;1970;23923.0156
Italie;agdpro;1971;24177.4809
Italie;agdpro;1972;24896.0804
Italie;agdpro;1973;26501.976
Italie;agdpro;1974;27792.1118
Italie;agdpro;1975;27050.4586
Italie;agdpro;1976;28802.6526
Italie;agdpro;1977;29358.237
Italie;agdpro;1978;30114.6403
Italie;agdpro;1979;31704.4748
Italie;agdpro;1980;32554.8412
Italie;agdpro;1981;32587.7283
Italie;agdpro;1982;32449.1873
Italie;agdpro;1983;32579.8616
Italie;agdpro;1984;33357.0242
Italie;agdpro;1985;33946.916
Italie;agdpro;1986;34594.7154
Italie;agdpro;1987;35348.1687
Italie;agdpro;1988;36476.7097
Italie;agdpro;1989;37370.6707
Italie;agdpro;1990;37807.7085
Italie;agdpro;1991;38056.9294
Italie;agdpro;1992;37804.4307
Italie;agdpro;1993;37208.3111
Italie;agdpro;1994;37742.6991
Italie;agdpro;1995;38566.0785
Italie;agdpro;1996;38851.3549
Italie;agdpro;1997;39363.5633
Italie;agdpro;1998;39833.7068
Italie;agdpro;1999;40351.7059
Italie;agdpro;2000;41707.7252
Italie;agdpro;2001;42332.7986
Italie;agdpro;2002;42288.9855
Italie;agdpro;2003;41942.196
Italie;agdpro;2004;42221.9002
Italie;agdpro;2005;42294.7763
Italie;agdpro;2006;42967.2683
Italie;agdpro;2007;43409.0043
Italie;agdpro;2008;42600.2657
Italie;agdpro;2009;40074.0776
Italie;agdpro;2010;40642.4454
Italie;agdpro;2011;40552.4156
Italie;agdpro;2012;39177.9315
Italie;agdpro;2013;38132.4277
Italie;agdpro;2014;38016.7219
Italie;agdpro;2015;38320.4632
Italie;agdpro;2016;38832.8901
Italie;agdpro;2017;39490.6321
Italie;agdpro;2018;39861.3494
Italie;agdpro;2019;40060.2017
Italie;agdpro;2020;36487.7449
Italie;agdpro;2021;39018.959
Italie;agdpro;2022;40492.8692
Luxembourg;anninc;1950;
Luxembourg;anninc;1951;
Luxembourg;anninc;1952;
Luxembourg;anninc;1953;
Luxembourg;anninc;1954;
Luxembourg;anninc;1955;
Luxembourg;anninc;1956;
Luxembourg;anninc;1957;
Luxembourg;anninc;1958;
Luxembourg;anninc;1959;
Luxembourg;anninc;1960;26068.4935
Luxembourg;anninc;1961;27054.3967
Luxembourg;anninc;1962;27348.3126
Luxembourg;anninc;1963;28148.4705
Luxembourg;anninc;1964;29865.9512
Luxembourg;anninc;1965;29168.3427
Luxembourg;anninc;1966;29380.6688
Luxembourg;anninc;1967;28897.4743
Luxembourg;anninc;1968;29752.1592
Luxembourg;anninc;1969;32608.6845
Luxembourg;anninc;1970;34011.9322
Luxembourg;anninc;1971;34180.1709
Luxembourg;anninc;1972;35981.5702
Luxembourg;anninc;1973;39605.73
Luxembourg;anninc;1974;42952.1151
Luxembourg;anninc;1975;35069.387
Luxembourg;anninc;1976;34720.7835
Luxembourg;anninc;1977;34546.2006
Luxembourg;anninc;1978;36589.7192
Luxembourg;anninc;1979;40333.3726
Luxembourg;anninc;1980;44641.5694
Luxembourg;anninc;1981;49880.3393
Luxembourg;anninc;1982;41772.5166
Luxembourg;anninc;1983;34807.834
Luxembourg;anninc;1984;38399.8717
Luxembourg;anninc;1985;37469.1381
Luxembourg;anninc;1986;43015.7166
Luxembourg;anninc;1987;42748.6225
Luxembourg;anninc;1988;48201.8065
Luxembourg;anninc;1989;53721.5632
Luxembourg;anninc;1990;54060.1286
Luxembourg;anninc;1991;57286.3776
Luxembourg;anninc;1992;57554.596
Luxembourg;anninc;1993;62673.3904
Luxembourg;anninc;1994;69152.7102
Luxembourg;anninc;1995;68814.0645
Luxembourg;anninc;1996;68098.7085
Luxembourg;anninc;1997;73069.4207
Luxembourg;anninc;1998;78743.9249
Luxembourg;anninc;1999;78382.0711
Luxembourg;anninc;2000;84307.4478
Luxembourg;anninc;2001;86372.8093
Luxembourg;anninc;2002;95835.9377
Luxembourg;anninc;2003;98868.8928
Luxembourg;anninc;2004;103808.527
Luxembourg;anninc;2005;102613.4296
Luxembourg;anninc;2006;140757.9318
Luxembourg;anninc;2007;151271.5285
Luxembourg;anninc;2008;119769.0439
Luxembourg;anninc;2009;125317.5497
Luxembourg;anninc;2010;150040.1333
Luxembourg;anninc;2011;135738.2337
Luxembourg;anninc;2012;136292.8995
Luxembourg;anninc;2013;115793.7911
Luxembourg;anninc;2014;114542.7212
Luxembourg;anninc;2015;109474.278
Luxembourg;anninc;2016;106090.7117
Luxembourg;anninc;2017;106866.0554
Luxembourg;anninc;2018;100775.09
Luxembourg;anninc;2019;64394.0833
Luxembourg;anninc;2020;58235.9027
Luxembourg;anninc;2021;60329.3709
Luxembourg;anninc;2022;62218.5435
Luxembourg;agdpro;1950;
Luxembourg;agdpro;1951;
Luxembourg;agdpro;1952;
Luxembourg;agdpro;1953;
Luxembourg;agdpro;1954;
Luxembourg;agdpro;1955;
Luxembourg;agdpro;1956;
Luxembourg;agdpro;1957;
Luxembourg;agdpro;1958;
Luxembourg;agdpro;1959;
Luxembourg;agdpro;1960;30621.4597
Luxembourg;agdpro;1961;31646.7925
Luxembourg;agdpro;1962;31871.8871
Luxembourg;agdpro;1963;32749.6999
Luxembourg;agdpro;1964;35092.4345
Luxembourg;agdpro;1965;34628.1919
Luxembourg;agdpro;1966;34781.4136
Luxembourg;agdpro;1967;34658.3062
Luxembourg;agdpro;1968;35975.2262
Luxembourg;agdpro;1969;39441.0247
Luxembourg;agdpro;1970;43682.5684
Luxembourg;agdpro;1971;44464.5775
Luxembourg;agdpro;1972;46683.4819
Luxembourg;agdpro;1973;49884.6758
Luxembourg;agdpro;1974;51464.6745
Luxembourg;agdpro;1975;47604.0972
Luxembourg;agdpro;1976;48324.673
Luxembourg;agdpro;1977;48538.4446
Luxembourg;agdpro;1978;49902.2626
Luxembourg;agdpro;1979;50540.5258
Luxembourg;agdpro;1980;50544.7017
Luxembourg;agdpro;1981;49913.9871
Luxembourg;agdpro;1982;50157.9533
Luxembourg;agdpro;1983;51285.9961
Luxembourg;agdpro;1984;54045.8344
Luxembourg;agdpro;1985;55097.7481
Luxembourg;agdpro;1986;59978.7597
Luxembourg;agdpro;1987;61678.5734
Luxembourg;agdpro;1988;66201.7464
Luxembourg;agdpro;1989;71920.0971
Luxembourg;agdpro;1990;74861.1834
Luxembourg;agdpro;1991;80269.9588
Luxembourg;agdpro;1992;80742.5531
Luxembourg;agdpro;1993;83234.8957
Luxembourg;agdpro;1994;85523.2639
Luxembourg;agdpro;1995;85778.6334
Luxembourg;agdpro;1996;85980.5199
Luxembourg;agdpro;1997;89682.4148
Luxembourg;agdpro;1998;94663.0848
Luxembourg;agdpro;1999;101158.8671
Luxembourg;agdpro;2000;106751.5407
Luxembourg;agdpro;2001;108658.9425
Luxembourg;agdpro;2002;110895.1125
Luxembourg;agdpro;2003;112355.6978
Luxembourg;agdpro;2004;115383.9953
Luxembourg;agdpro;2005;116347.0115
Luxembourg;agdpro;2006;121243.4417
Luxembourg;agdpro;2007;128836.1086
Luxembourg;agdpro;2008;125861.0532
Luxembourg;agdpro;2009;119217.4296
Luxembourg;agdpro;2010;121191.9662
Luxembourg;agdpro;2011;119426.6238
Luxembourg;agdpro;2012;118153.2292
Luxembourg;agdpro;2013;118774.789
Luxembourg;agdpro;2014;118628.3129
Luxembourg;agdpro;2015;118083.6048
Luxembourg;agdpro;2016;120546.9574
Luxembourg;agdpro;2017;119032.4071
Luxembourg;agdpro;2018;117879.2289
Luxembourg;agdpro;2019;118022.011
Luxembourg;agdpro;2020;114934.4485
Luxembourg;agdpro;2021;118938.4504
Luxembourg;agdpro;2022;122682.425
Norvège;anninc;1950;9449.1304
Norvège;anninc;1951;9894.763
Norvège;anninc;1952;10147.7522
Norvège;anninc;1953;10472.1686
Norvège;anninc;1954;10951.1485
Norvège;anninc;1955;11092.6
Norvège;anninc;1956;11657.7169
Norvège;anninc;1957;11946.6881
Norvège;anninc;1958;11811.4694
Norvège;anninc;1959;12250.0032
Norvège;anninc;1960;12779.0101
Norvège;anninc;1961;13586.0351
Norvège;anninc;1962;13780.9288
Norvège;anninc;1963;14290.0299
Norvège;anninc;1964;14805.1441
Norvège;anninc;1965;15459.9657
Norvège;anninc;1966;15922.6257
Norvège;anninc;1967;16326.7877
Norvège;anninc;1968;16759.5156
Norvège;anninc;1969;17577.4937
Norvège;anninc;1970;17944.9968
Norvège;anninc;1971;19000.3761
Norvège;anninc;1972;19495.6027
Norvège;anninc;1973;20524.947
Norvège;anninc;1974;21311.1695
Norvège;anninc;1975;21632.7866
Norvège;anninc;1976;22175.5398
Norvège;anninc;1977;22340.7821
Norvège;anninc;1978;22383.259
Norvège;anninc;1979;23326.2345
Norvège;anninc;1980;25112.473
Norvège;anninc;1981;25207.0749
Norvège;anninc;1982;24633.8163
Norvège;anninc;1983;25096.3726
Norvège;anninc;1984;26553.0597
Norvège;anninc;1985;27938.5209
Norvège;anninc;1986;26372.5099
Norvège;anninc;1987;26017.5516
Norvège;anninc;1988;24651.3437
Norvège;anninc;1989;24887.0556
Norvège;anninc;1990;25233.3782
Norvège;anninc;1991;25528.3687
Norvège;anninc;1992;25781.3824
Norvège;anninc;1993;26266.6805
Norvège;anninc;1994;27311.8567
Norvège;anninc;1995;28672.7954
Norvège;anninc;1996;31078.3432
Norvège;anninc;1997;32915.1148
Norvège;anninc;1998;32513.685
Norvège;anninc;1999;34674.2876
Norvège;anninc;2000;40454.229
Norvège;anninc;2001;41045.5273
Norvège;anninc;2002;40444.3188
Norvège;anninc;2003;41013.723
Norvège;anninc;2004;44749.2955
Norvège;anninc;2005;49819.6923
Norvège;anninc;2006;52881.1655
Norvège;anninc;2007;54641.7471
Norvège;anninc;2008;57999.4671
Norvège;anninc;2009;52049.1911
Norvège;anninc;2010;54317.9284
Norvège;anninc;2011;56803.1547
Norvège;anninc;2012;57396.1911
Norvège;anninc;2013;57101.9263
Norvège;anninc;2014;58619.6911
Norvège;anninc;2015;59141.5017
Norvège;anninc;2016;58880.017
Norvège;anninc;2017;59920.2046
Norvège;anninc;2018;60217.0186
Norvège;anninc;2019;56174.484
Norvège;anninc;2020;55253.2074
Norvège;anninc;2021;56840.9967
Norvège;anninc;2022;68664.9621
Norvège;agdpro;1950;11039.4322
Norvège;agdpro;1951;11554.5892
Norvège;agdpro;1952;11876.438
Norvège;agdpro;1953;12271.5374
Norvège;agdpro;1954;12821.9139
Norvège;agdpro;1955;13031.1944
Norvège;agdpro;1956;13664.4695
Norvège;agdpro;1957;14020.1474
Norvège;agdpro;1958;13951.5989
Norvège;agdpro;1959;14468.3232
Norvège;agdpro;1960;15206.2934
Norvège;agdpro;1961;16111.6587
Norvège;agdpro;1962;16388.0605
Norvège;agdpro;1963;17017.7619
Norvège;agdpro;1964;17553.4712
Norvège;agdpro;1965;18380.1459
Norvège;agdpro;1966;18982.7267
Norvège;agdpro;1967;19637.0298
Norvège;agdpro;1968;20036.2641
Norvège;agdpro;1969;20958.8885
Norvège;agdpro;1970;21766.3892
Norvège;agdpro;1971;22839.1312
Norvège;agdpro;1972;23460.6604
Norvège;agdpro;1973;24576.5136
Norvège;agdpro;1974;25760.5251
Norvège;agdpro;1975;26116.1542
Norvège;agdpro;1976;27052.0187
Norvège;agdpro;1977;27696.0274
Norvège;agdpro;1978;28018.913
Norvège;agdpro;1979;29266.3807
Norvège;agdpro;1980;30974.8251
Norvège;agdpro;1981;31012.8988
Norvège;agdpro;1982;30590.752
Norvège;agdpro;1983;31124.4366
Norvège;agdpro;1984;32714.586
Norvège;agdpro;1985;34081.8733
Norvège;agdpro;1986;32598.7853
Norvège;agdpro;1987;32383.0769
Norvège;agdpro;1988;31423.0313
Norvège;agdpro;1989;31802.561
Norvège;agdpro;1990;32111.6637
Norvège;agdpro;1991;32475.3247
Norvège;agdpro;1992;32378.381
Norvège;agdpro;1993;33042.6249
Norvège;agdpro;1994;33939.0862
Norvège;agdpro;1995;35342.8311
Norvège;agdpro;1996;38033.2578
Norvège;agdpro;1997;39941.4139
Norvège;agdpro;1998;39613.4909
Norvège;agdpro;1999;41879.2033
Norvège;agdpro;2000;48108.473
Norvège;agdpro;2001;48239.685
Norvège;agdpro;2002;47251.2808
Norvège;agdpro;2003;47604.0314
Norvège;agdpro;2004;51888.5167
Norvège;agdpro;2005;56641.535
Norvège;agdpro;2006;61106.2347
Norvège;agdpro;2007;63581.7581
Norvège;agdpro;2008;67027.0361
Norvège;agdpro;2009;60224.3004
Norvège;agdpro;2010;61838.5149
Norvège;agdpro;2011;64729.3364
Norvège;agdpro;2012;65395.1599
Norvège;agdpro;2013;65077.141
Norvège;agdpro;2014;65426.1714
Norvège;agdpro;2015;65858.198
Norvège;agdpro;2016;65821.6428
Norvège;agdpro;2017;66667.394
Norvège;agdpro;2018;66771.9245
Norvège;agdpro;2019;66579.5616
Norvège;agdpro;2020;65456.4572
Norvège;agdpro;2021;67465.5821
Norvège;agdpro;2022;79422.8574
Pays-Bas;anninc;1950;13014.5292
Pays-Bas;anninc;1951;13004.786
Pays-Bas;anninc;1952;13038.7481
Pays-Bas;anninc;1953;14085.0771
Pays-Bas;anninc;1954;14913.4364
Pays-Bas;anninc;1955;15887.016
Pays-Bas;anninc;1956;16258.0935
Pays-Bas;anninc;1957;16508.9118
Pays-Bas;anninc;1958;16185.5297
Pays-Bas;anninc;1959;16758.9878
Pays-Bas;anninc;1960;18066.9919
Pays-Bas;anninc;1961;18615.7672
Pays-Bas;anninc;1962;19131.6011
Pays-Bas;anninc;1963;19634.6296
Pays-Bas;anninc;1964;21623.9167
Pays-Bas;anninc;1965;22795.5157
Pays-Bas;anninc;1966;22997.9891
Pays-Bas;anninc;1967;23887.4987
Pays-Bas;anninc;1968;25062.7166
Pays-Bas;anninc;1969;29397.6143
Pays-Bas;anninc;1970;30308.7446
Pays-Bas;anninc;1971;31211.8019
Pays-Bas;anninc;1972;31916.0047
Pays-Bas;anninc;1973;33574.6719
Pays-Bas;anninc;1974;35142.9592
Pays-Bas;anninc;1975;33170.4675
Pays-Bas;anninc;1976;34467.3364
Pays-Bas;anninc;1977;34302.444
Pays-Bas;anninc;1978;34847.322
Pays-Bas;anninc;1979;35504.015
Pays-Bas;anninc;1980;34949.9506
Pays-Bas;anninc;1981;33618.934
Pays-Bas;anninc;1982;32204.5896
Pays-Bas;anninc;1983;32160.0492
Pays-Bas;anninc;1984;32497.443
Pays-Bas;anninc;1985;32006.0135
Pays-Bas;anninc;1986;32468.7701
Pays-Bas;anninc;1987;32537.3438
Pays-Bas;anninc;1988;33090.1091
Pays-Bas;anninc;1989;34431.5185
Pays-Bas;anninc;1990;34521.1561
Pays-Bas;anninc;1991;34724.1863
Pays-Bas;anninc;1992;34275.3486
Pays-Bas;anninc;1993;34246.3973
Pays-Bas;anninc;1994;35169.405
Pays-Bas;anninc;1995;36652.0447
Pays-Bas;anninc;1996;37701.5287
Pays-Bas;anninc;1997;39005.3571
Pays-Bas;anninc;1998;39960.5638
Pays-Bas;anninc;1999;42257.4583
Pays-Bas;anninc;2000;43849.4077
Pays-Bas;anninc;2001;43789.2781
Pays-Bas;anninc;2002;43653.0586
Pays-Bas;anninc;2003;44365.2416
Pays-Bas;anninc;2004;44763.7857
Pays-Bas;anninc;2005;44227.259
Pays-Bas;anninc;2006;46647.9388
Pays-Bas;anninc;2007;48007.814
Pays-Bas;anninc;2008;47336.0885
Pays-Bas;anninc;2009;45633.6232
Pays-Bas;anninc;2010;46967.4237
Pays-Bas;anninc;2011;48110.1642
Pays-Bas;anninc;2012;47396.8677
Pays-Bas;anninc;2013;46910.6346
Pays-Bas;anninc;2014;46326.1342
Pays-Bas;anninc;2015;46942.1841
Pays-Bas;anninc;2016;46610.8218
Pays-Bas;anninc;2017;48835.7093
Pays-Bas;anninc;2018;49871.6455
Pays-Bas;anninc;2019;48812.5111
Pays-Bas;anninc;2020;46626.3182
Pays-Bas;anninc;2021;49775.0485
Pays-Bas;anninc;2022;53454.9234
Pays-Bas;agdpro;1950;14941.7381
Pays-Bas;agdpro;1951;14991.7533
Pays-Bas;agdpro;1952;15105.7026
Pays-Bas;agdpro;1953;16251.6908
Pays-Bas;agdpro;1954;17186.9472
Pays-Bas;agdpro;1955;18258.3302
Pays-Bas;agdpro;1956;18708.4669
Pays-Bas;agdpro;1957;19024.704
Pays-Bas;agdpro;1958;18762.1938
Pays-Bas;agdpro;1959;19398.7509
Pays-Bas;agdpro;1960;20797.5989
Pays-Bas;agdpro;1961;21447.982
Pays-Bas;agdpro;1962;22074.7958
Pays-Bas;agdpro;1963;22703.6511
Pays-Bas;agdpro;1964;24837.509
Pays-Bas;agdpro;1965;26150.8951
Pays-Bas;agdpro;1966;26506.3834
Pays-Bas;agdpro;1967;27533.5044
Pays-Bas;agdpro;1968;28887.9975
Pays-Bas;agdpro;1969;32334.6848
Pays-Bas;agdpro;1970;34163.6264
Pays-Bas;agdpro;1971;35444.999
Pays-Bas;agdpro;1972;36213.8782
Pays-Bas;agdpro;1973;37826.5203
Pays-Bas;agdpro;1974;39736.7482
Pays-Bas;agdpro;1975;38352.747
Pays-Bas;agdpro;1976;39495.3947
Pays-Bas;agdpro;1977;39448.8128
Pays-Bas;agdpro;1978;40393.9051
Pays-Bas;agdpro;1979;40831.1437
Pays-Bas;agdpro;1980;40595.265
Pays-Bas;agdpro;1981;39508.3856
Pays-Bas;agdpro;1982;37994.2893
Pays-Bas;agdpro;1983;37765.37
Pays-Bas;agdpro;1984;38029.9216
Pays-Bas;agdpro;1985;37943.9029
Pays-Bas;agdpro;1986;38510.216
Pays-Bas;agdpro;1987;38536.1051
Pays-Bas;agdpro;1988;39353.5148
Pays-Bas;agdpro;1989;40694.7387
Pays-Bas;agdpro;1990;41476.3305
Pays-Bas;agdpro;1991;41601.0437
Pays-Bas;agdpro;1992;41306.7985
Pays-Bas;agdpro;1993;41164.0835
Pays-Bas;agdpro;1994;41739.4902
Pays-Bas;agdpro;1995;42883.0659
Pays-Bas;agdpro;1996;44074.8936
Pays-Bas;agdpro;1997;45782.8337
Pays-Bas;agdpro;1998;47633.3959
Pays-Bas;agdpro;1999;49642.9118
Pays-Bas;agdpro;2000;51337.3042
Pays-Bas;agdpro;2001;52199.2544
Pays-Bas;agdpro;2002;51986.7594
Pays-Bas;agdpro;2003;51812.3094
Pays-Bas;agdpro;2004;52564.6715
Pays-Bas;agdpro;2005;53493.2468
Pays-Bas;agdpro;2006;55135.3969
Pays-Bas;agdpro;2007;56994.4961
Pays-Bas;agdpro;2008;57828.6085
Pays-Bas;agdpro;2009;55219.3742
Pays-Bas;agdpro;2010;55616.6192
Pays-Bas;agdpro;2011;56109.2549
Pays-Bas;agdpro;2012;55097.6303
Pays-Bas;agdpro;2013;54661.0413
Pays-Bas;agdpro;2014;54834.9346
Pays-Bas;agdpro;2015;55474.461
Pays-Bas;agdpro;2016;56217.4511
Pays-Bas;agdpro;2017;57621.7738
Pays-Bas;agdpro;2018;58548.3077
Pays-Bas;agdpro;2019;59239.6123
Pays-Bas;agdpro;2020;56320.1724
Pays-Bas;agdpro;2021;59698.6572
Pays-Bas;agdpro;2022;63660.8999
Royaume-Uni;anninc;1950;11533.0675
Royaume-Uni;anninc;1951;11244.5698
Royaume-Uni;anninc;1952;11492.6808
Royaume-Uni;anninc;1953;12321.4444
Royaume-Uni;anninc;1954;12791.4977
Royaume-Uni;anninc;1955;12983.117
Royaume-Uni;anninc;1956;12978.1056
Royaume-Uni;anninc;1957;13334.2182
Royaume-Uni;anninc;1958;13443.0122
Royaume-Uni;anninc;1959;13982.8279
Royaume-Uni;anninc;1960;14411.3463
Royaume-Uni;anninc;1961;15016.5739
Royaume-Uni;anninc;1962;15531.1455
Royaume-Uni;anninc;1963;16009.4899
Royaume-Uni;anninc;1964;16080.9642
Royaume-Uni;anninc;1965;16343.2544
Royaume-Uni;anninc;1966;16848.8838
Royaume-Uni;anninc;1967;17217.3555
Royaume-Uni;anninc;1968;17199.8786
Royaume-Uni;anninc;1969;17536.2319
Royaume-Uni;anninc;1970;17473.9633
Royaume-Uni;anninc;1971;17588.0203
Royaume-Uni;anninc;1972;18035.8
Royaume-Uni;anninc;1973;18403.4426
Royaume-Uni;anninc;1974;18432.8233
Royaume-Uni;anninc;1975;16234.2377
Royaume-Uni;anninc;1976;17667.545
Royaume-Uni;anninc;1977;18224.6457
Royaume-Uni;anninc;1978;18831.6777
Royaume-Uni;anninc;1979;18818.3066
Royaume-Uni;anninc;1980;18176.126
Royaume-Uni;anninc;1981;19017.193
Royaume-Uni;anninc;1982;19335.7373
Royaume-Uni;anninc;1983;20152.3308
Royaume-Uni;anninc;1984;20986.6695
Royaume-Uni;anninc;1985;21199.7104
Royaume-Uni;anninc;1986;22052.5956
Royaume-Uni;anninc;1987;22439.2242
Royaume-Uni;anninc;1988;23013.4439
Royaume-Uni;anninc;1989;23828.0848
Royaume-Uni;anninc;1990;24012.2441
Royaume-Uni;anninc;1991;24180.0917
Royaume-Uni;anninc;1992;24463.4815
Royaume-Uni;anninc;1993;24983.7793
Royaume-Uni;anninc;1994;25947.3355
Royaume-Uni;anninc;1995;27120.4691
Royaume-Uni;anninc;1996;27333.8559
Royaume-Uni;anninc;1997;28521.3726
Royaume-Uni;anninc;1998;30043.3397
Royaume-Uni;anninc;1999;32094.0031
Royaume-Uni;anninc;2000;32369.8653
Royaume-Uni;anninc;2001;33428.2301
Royaume-Uni;anninc;2002;34036.7474
Royaume-Uni;anninc;2003;34945.155
Royaume-Uni;anninc;2004;35789.5444
Royaume-Uni;anninc;2005;36238.2248
Royaume-Uni;anninc;2006;36676.0891
Royaume-Uni;anninc;2007;37024.3103
Royaume-Uni;anninc;2008;38058.5753
Royaume-Uni;anninc;2009;38244.7248
Royaume-Uni;anninc;2010;35117.0487
Royaume-Uni;anninc;2011;35493.8294
Royaume-Uni;anninc;2012;34392.1422
Royaume-Uni;anninc;2013;34863.1986
Royaume-Uni;anninc;2014;35184.0135
Royaume-Uni;anninc;2015;35978.8553
Royaume-Uni;anninc;2016;36311.9776
Royaume-Uni;anninc;2017;37136.5599
Royaume-Uni;anninc;2018;37600.2995
Royaume-Uni;anninc;2019;37165.5966
Royaume-Uni;anninc;2020;32573.0305
Royaume-Uni;anninc;2021;35396.448
Royaume-Uni;anninc;2022;36955.2379
Royaume-Uni;agdpro;1950;12354.1596
Royaume-Uni;agdpro;1951;11934.6446
Royaume-Uni;agdpro;1952;12337.2609
Royaume-Uni;agdpro;1953;13365.2302
Royaume-Uni;agdpro;1954;13871.6817
Royaume-Uni;agdpro;1955;14068.4598
Royaume-Uni;agdpro;1956;14173.9239
Royaume-Uni;agdpro;1957;14558.9288
Royaume-Uni;agdpro;1958;14694.4237
Royaume-Uni;agdpro;1959;15282.0092
Royaume-Uni;agdpro;1960;15744.3817
Royaume-Uni;agdpro;1961;16396.7116
Royaume-Uni;agdpro;1962;16978.0874
Royaume-Uni;agdpro;1963;17460.6161
Royaume-Uni;agdpro;1964;17536.762
Royaume-Uni;agdpro;1965;17819.764
Royaume-Uni;agdpro;1966;18366.9353
Royaume-Uni;agdpro;1967;18838.9786
Royaume-Uni;agdpro;1968;18844.5776
Royaume-Uni;agdpro;1969;19262.1583
Royaume-Uni;agdpro;1970;19149.6701
Royaume-Uni;agdpro;1971;19342.0708
Royaume-Uni;agdpro;1972;19997.6583
Royaume-Uni;agdpro;1973;20536.1766
Royaume-Uni;agdpro;1974;20555.722
Royaume-Uni;agdpro;1975;18373.4504
Royaume-Uni;agdpro;1976;20203.4964
Royaume-Uni;agdpro;1977;20878.7312
Royaume-Uni;agdpro;1978;21895.5026
Royaume-Uni;agdpro;1979;21876.9752
Royaume-Uni;agdpro;1980;21270.9639
Royaume-Uni;agdpro;1981;22403.8883
Royaume-Uni;agdpro;1982;22797.3426
Royaume-Uni;agdpro;1983;23758.6334
Royaume-Uni;agdpro;1984;24496.1694
Royaume-Uni;agdpro;1985;24630.239
Royaume-Uni;agdpro;1986;25705.8505
Royaume-Uni;agdpro;1987;26068.8668
Royaume-Uni;agdpro;1988;26839.1821
Royaume-Uni;agdpro;1989;27542.1062
Royaume-Uni;agdpro;1990;27794.1613
Royaume-Uni;agdpro;1991;28151.1715
Royaume-Uni;agdpro;1992;28517.6489
Royaume-Uni;agdpro;1993;28724.6069
Royaume-Uni;agdpro;1994;29767.8462
Royaume-Uni;agdpro;1995;30705.5195
Royaume-Uni;agdpro;1996;31132.5676
Royaume-Uni;agdpro;1997;32329.5238
Royaume-Uni;agdpro;1998;33766.4209
Royaume-Uni;agdpro;1999;35208.0008
Royaume-Uni;agdpro;2000;36148.6263
Royaume-Uni;agdpro;2001;37306.6952
Royaume-Uni;agdpro;2002;37840.8361
Royaume-Uni;agdpro;2003;38765.3774
Royaume-Uni;agdpro;2004;39630.7732
Royaume-Uni;agdpro;2005;40276.7916
Royaume-Uni;agdpro;2006;40530.7808
Royaume-Uni;agdpro;2007;41354.8462
Royaume-Uni;agdpro;2008;42086.1724
Royaume-Uni;agdpro;2009;41762.4506
Royaume-Uni;agdpro;2010;38988.725
Royaume-Uni;agdpro;2011;39472.3735
Royaume-Uni;agdpro;2012;39640.546
Royaume-Uni;agdpro;2013;40253.7849
Royaume-Uni;agdpro;2014;40767.2606
Royaume-Uni;agdpro;2015;41426.8183
Royaume-Uni;agdpro;2016;42022.7514
Royaume-Uni;agdpro;2017;42752.2452
Royaume-Uni;agdpro;2018;43201.2819
Royaume-Uni;agdpro;2019;43620.2878
Royaume-Uni;agdpro;2020;38608.9118
Royaume-Uni;agdpro;2021;41348.5346
Royaume-Uni;agdpro;2022;42832.2594
Suisse;anninc;1950;21407.3457
Suisse;anninc;1951;22913.1275
Suisse;anninc;1952;22684.4944
Suisse;anninc;1953;23130.7502
Suisse;anninc;1954;24229.2108
Suisse;anninc;1955;25477.9709
Suisse;anninc;1956;26811.8965
Suisse;anninc;1957;27598.5484
Suisse;anninc;1958;26909.9958
Suisse;anninc;1959;28055.5494
Suisse;anninc;1960;29574.9284
Suisse;anninc;1961;31426.6115
Suisse;anninc;1962;32357.7262
Suisse;anninc;1963;33303.6983
Suisse;anninc;1964;34313.8098
Suisse;anninc;1965;34917.794
Suisse;anninc;1966;35308.5331
Suisse;anninc;1967;35798.3002
Suisse;anninc;1968;36571.9518
Suisse;anninc;1969;38036.6101
Suisse;anninc;1970;37751.996
Suisse;anninc;1971;39588.2247
Suisse;anninc;1972;40373.0194
Suisse;anninc;1973;40911.2061
Suisse;anninc;1974;41536.2163
Suisse;anninc;1975;40374.346
Suisse;anninc;1976;41030.7294
Suisse;anninc;1977;41861.2242
Suisse;anninc;1978;41775.7936
Suisse;anninc;1979;42049.0656
Suisse;anninc;1980;42033.8101
Suisse;anninc;1981;42522.5823
Suisse;anninc;1982;43081.8613
Suisse;anninc;1983;42211.5032
Suisse;anninc;1984;43729.821
Suisse;anninc;1985;44910.1969
Suisse;anninc;1986;45405.9998
Suisse;anninc;1987;45508.6758
Suisse;anninc;1988;46428.3157
Suisse;anninc;1989;46063.8425
Suisse;anninc;1990;46376.1154
Suisse;anninc;1991;45672.3074
Suisse;anninc;1992;44438.8027
Suisse;anninc;1993;44827.0877
Suisse;anninc;1994;44759.8309
Suisse;anninc;1995;45468.7462
Suisse;anninc;1996;45625.6787
Suisse;anninc;1997;47207.6052
Suisse;anninc;1998;48138.2555
Suisse;anninc;1999;48408.4764
Suisse;anninc;2000;50532.5029
Suisse;anninc;2001;49550.6472
Suisse;anninc;2002;47593.9667
Suisse;anninc;2003;48493.1111
Suisse;anninc;2004;48942.0201
Suisse;anninc;2005;50598.6321
Suisse;anninc;2006;52566.7211
Suisse;anninc;2007;51475.3576
Suisse;anninc;2008;49367.1172
Suisse;anninc;2009;50683.9301
Suisse;anninc;2010;53873.8501
Suisse;anninc;2011;52265.2596
Suisse;anninc;2012;52900.617
Suisse;anninc;2013;53016.625
Suisse;anninc;2014;52845.631
Suisse;anninc;2015;54042.1246
Suisse;anninc;2016;53926.9126
Suisse;anninc;2017;53065.4425
Suisse;anninc;2018;53889.7025
Suisse;anninc;2019;54720.529
Suisse;anninc;2020;53480.2588
Suisse;anninc;2021;55786.0244
Suisse;anninc;2022;57628.3553
Suisse;agdpro;1950;24866.8233
Suisse;agdpro;1951;26572.5181
Suisse;agdpro;1952;26456.2449
Suisse;agdpro;1953;27045.9685
Suisse;agdpro;1954;28228.5995
Suisse;agdpro;1955;29779.8824
Suisse;agdpro;1956;31413.6112
Suisse;agdpro;1957;32332.1898
Suisse;agdpro;1958;31326.7876
Suisse;agdpro;1959;32956.1388
Suisse;agdpro;1960;34915.8041
Suisse;agdpro;1961;37191.3905
Suisse;agdpro;1962;38224.2525
Suisse;agdpro;1963;39351.1678
Suisse;agdpro;1964;40716.9972
Suisse;agdpro;1965;41426.1115
Suisse;agdpro;1966;41864.2753
Suisse;agdpro;1967;42449.0907
Suisse;agdpro;1968;43226.4566
Suisse;agdpro;1969;44923.3962
Suisse;agdpro;1970;47287.5969
Suisse;agdpro;1971;50098.9821
Suisse;agdpro;1972;51541.6195
Suisse;agdpro;1973;51772.3088
Suisse;agdpro;1974;52154.9559
Suisse;agdpro;1975;50715.1043
Suisse;agdpro;1976;50637.7657
Suisse;agdpro;1977;51349.5331
Suisse;agdpro;1978;51268.1485
Suisse;agdpro;1979;51112.6753
Suisse;agdpro;1980;51090.389
Suisse;agdpro;1981;51300.0523
Suisse;agdpro;1982;52218.7636
Suisse;agdpro;1983;51612.3253
Suisse;agdpro;1984;52758.4095
Suisse;agdpro;1985;54882.038
Suisse;agdpro;1986;56091.9962
Suisse;agdpro;1987;56543.5583
Suisse;agdpro;1988;57488.5355
Suisse;agdpro;1989;58156.9907
Suisse;agdpro;1990;58817.3538
Suisse;agdpro;1991;58147.4394
Suisse;agdpro;1992;56786.5847
Suisse;agdpro;1993;57065.2956
Suisse;agdpro;1994;56967.5279
Suisse;agdpro;1995;56848.3362
Suisse;agdpro;1996;56729.4098
Suisse;agdpro;1997;57592.7371
Suisse;agdpro;1998;58560.7302
Suisse;agdpro;1999;58335.4797
Suisse;agdpro;2000;60472.9709
Suisse;agdpro;2001;61039.0153
Suisse;agdpro;2002;59777.7855
Suisse;agdpro;2003;59437.2567
Suisse;agdpro;2004;59904.2733
Suisse;agdpro;2005;60935.4108
Suisse;agdpro;2006;63751.5716
Suisse;agdpro;2007;65489.1702
Suisse;agdpro;2008;67579.1704
Suisse;agdpro;2009;64850.6954
Suisse;agdpro;2010;66046.99
Suisse;agdpro;2011;66783.2326
Suisse;agdpro;2012;66851.1526
Suisse;agdpro;2013;67137.9555
Suisse;agdpro;2014;68090.8258
Suisse;agdpro;2015;68342.7401
Suisse;agdpro;2016;68950.4387
Suisse;agdpro;2017;69204.5419
Suisse;agdpro;2018;70622.3062
Suisse;agdpro;2019;70879.3278
Suisse;agdpro;2020;68649.5079
Suisse;agdpro;2021;71082.9552
Suisse;agdpro;2022;73095.0198
Suède;anninc;1950;9940.2061
Suède;anninc;1951;10482.5711
Suède;anninc;1952;10508.2511
Suède;anninc;1953;10730.7064
Suède;anninc;1954;11351.7642
Suède;anninc;1955;11376.5886
Suède;anninc;1956;11831.5052
Suède;anninc;1957;12028.9106
Suède;anninc;1958;12307.8678
Suède;anninc;1959;12905.0256
Suède;anninc;1960;13423.7957
Suède;anninc;1961;14161.5839
Suède;anninc;1962;14568.2671
Suède;anninc;1963;15085.3562
Suède;anninc;1964;16028.7382
Suède;anninc;1965;16459.5555
Suède;anninc;1966;16775.6116
Suède;anninc;1967;17484.0372
Suède;anninc;1968;18062.6625
Suède;anninc;1969;18851.6002
Suède;anninc;1970;19348.5446
Suède;anninc;1971;19293.9705
Suède;anninc;1972;19797.0791
Suède;anninc;1973;20366.3285
Suède;anninc;1974;20458.5602
Suède;anninc;1975;21881.8572
Suède;anninc;1976;22483.8464
Suède;anninc;1977;21447.7567
Suède;anninc;1978;22104.4378
Suède;anninc;1979;22655.4103
Suède;anninc;1980;22509.1218
Suède;anninc;1981;22343.5179
Suède;anninc;1982;22058.9777
Suède;anninc;1983;22379.9967
Suède;anninc;1984;23239.6222
Suède;anninc;1985;23796.477
Suède;anninc;1986;25272.4242
Suède;anninc;1987;26115.7231
Suède;anninc;1988;26696.4177
Suède;anninc;1989;27330.8322
Suède;anninc;1990;26786.3183
Suède;anninc;1991;26345.4687
Suède;anninc;1992;25387.4623
Suède;anninc;1993;24047.8353
Suède;anninc;1994;25470.1528
Suède;anninc;1995;26560.1302
Suède;anninc;1996;27307.2729
Suède;anninc;1997;27900.4061
Suède;anninc;1998;29779.509
Suède;anninc;1999;30969.5958
Suède;anninc;2000;32462.5736
Suède;anninc;2001;32902.4287
Suède;anninc;2002;33444.0867
Suède;anninc;2003;34895.1243
Suède;anninc;2004;35897.2905
Suède;anninc;2005;37159.3102
Suède;anninc;2006;38950.4567
Suède;anninc;2007;40242.6896
Suède;anninc;2008;40245.5005
Suède;anninc;2009;37298.4888
Suède;anninc;2010;39099.774
Suède;anninc;2011;39894.5589
Suède;anninc;2012;40172.9362
Suède;anninc;2013;41397.6128
Suède;anninc;2014;43063.4998
Suède;anninc;2015;44375.2887
Suède;anninc;2016;44716.2318
Suède;anninc;2017;46167.3471
Suède;anninc;2018;46759.5508
Suède;anninc;2019;47211.6564
Suède;anninc;2020;46274.5012
Suède;anninc;2021;48716.7596
Suède;anninc;2022;49846.6179
Suède;agdpro;1950;11129.3189
Suède;agdpro;1951;11780.1041
Suède;agdpro;1952;11948.8251
Suède;agdpro;1953;12205.1532
Suède;agdpro;1954;12852.4992
Suède;agdpro;1955;12897.7218
Suède;agdpro;1956;13443.8482
Suède;agdpro;1957;13698.8295
Suède;agdpro;1958;14023.2521
Suède;agdpro;1959;14680.0258
Suède;agdpro;1960;15320.3572
Suède;agdpro;1961;16156.1374
Suède;agdpro;1962;16647.7817
Suède;agdpro;1963;17251.5647
Suède;agdpro;1964;18420.4416
Suède;agdpro;1965;18930.7169
Suède;agdpro;1966;19339.5881
Suède;agdpro;1967;20173.3401
Suède;agdpro;1968;20834.3306
Suède;agdpro;1969;21647.5196
Suède;agdpro;1970;22179.7448
Suède;agdpro;1971;22232.7998
Suède;agdpro;1972;22892.3634
Suède;agdpro;1973;23621.4885
Suède;agdpro;1974;23879.1474
Suède;agdpro;1975;25559.5262
Suède;agdpro;1976;26273.0186
Suède;agdpro;1977;25258.3763
Suède;agdpro;1978;26082.8849
Suède;agdpro;1979;26520.0714
Suède;agdpro;1980;26249.7539
Suède;agdpro;1981;26199.088
Suède;agdpro;1982;26071.6374
Suède;agdpro;1983;26614.3325
Suède;agdpro;1984;27475.8225
Suède;agdpro;1985;28194.5578
Suède;agdpro;1986;29697.8543
Suède;agdpro;1987;30437.5775
Suède;agdpro;1988;31213.5366
Suède;agdpro;1989;32144.2433
Suède;agdpro;1990;31748.1909
Suède;agdpro;1991;31351.425
Suède;agdpro;1992;30732.5866
Suède;agdpro;1993;29524.4836
Suède;agdpro;1994;30553.6844
Suède;agdpro;1995;32191.5743
Suède;agdpro;1996;33118.9942
Suède;agdpro;1997;33999.3075
Suède;agdpro;1998;36028.8647
Suède;agdpro;1999;37434.5249
Suède;agdpro;2000;39247.99
Suède;agdpro;2001;39653.863
Suède;agdpro;2002;40115.9656
Suède;agdpro;2003;41069.8568
Suède;agdpro;2004;42671.1662
Suède;agdpro;2005;43595.9325
Suède;agdpro;2006;45296.73
Suède;agdpro;2007;46125.0626
Suède;agdpro;2008;46454.7202
Suède;agdpro;2009;44156.1283
Suède;agdpro;2010;45711.5256
Suède;agdpro;2011;46576.551
Suède;agdpro;2012;46966.7512
Suède;agdpro;2013;48043.4032
Suède;agdpro;2014;49892.3426
Suède;agdpro;2015;52648.8282
Suède;agdpro;2016;53117.4484
Suède;agdpro;2017;54217.798
Suède;agdpro;2018;54998.0941
Suède;agdpro;2019;56029.5636
Suède;agdpro;2020;54343.7815
Suède;agdpro;2021;56626.2357
Suède;agdpro;2022;57659.0921
États-Unis;anninc;1950;17386.2504
États-Unis;anninc;1951;18564.1565
États-Unis;anninc;1952;19037.8044
États-Unis;anninc;1953;19627.4745
États-Unis;anninc;1954;19235.3861
États-Unis;anninc;1955;20599.5103
États-Unis;anninc;1956;20923.477
États-Unis;anninc;1957;20943.137
États-Unis;anninc;1958;20394.4292
États-Unis;anninc;1959;21643.8681
États-Unis;anninc;1960;21840.9781
États-Unis;anninc;1961;22201.0044
États-Unis;anninc;1962;23385.586
États-Unis;anninc;1963;24167.5687
États-Unis;anninc;1964;25236.16
États-Unis;anninc;1965;26567.2517
États-Unis;anninc;1966;27954.5204
États-Unis;anninc;1967;28304.4827
États-Unis;anninc;1968;29134.3006
États-Unis;anninc;1969;29475.0201
États-Unis;anninc;1970;28864.7407
États-Unis;anninc;1971;29006.5055
États-Unis;anninc;1972;30063.6998
États-Unis;anninc;1973;31334.9516
États-Unis;anninc;1974;30364.342
États-Unis;anninc;1975;29279.4084
États-Unis;anninc;1976;30333.4996
États-Unis;anninc;1977;31238.0255
États-Unis;anninc;1978;32309.7547
États-Unis;anninc;1979;32414.3053
États-Unis;anninc;1980;31445.0341
États-Unis;anninc;1981;31707.028
États-Unis;anninc;1982;30690.4601
États-Unis;anninc;1983;31286.9671
États-Unis;anninc;1984;33473.3552
États-Unis;anninc;1985;34145.0794
États-Unis;anninc;1986;34487.9636
États-Unis;anninc;1987;35624.4408
États-Unis;anninc;1988;37168.7794
États-Unis;anninc;1989;37751.5994
États-Unis;anninc;1990;37861.394
États-Unis;anninc;1991;37206.1747
États-Unis;anninc;1992;38046.9097
États-Unis;anninc;1993;38451.812
États-Unis;anninc;1994;39771.0696
États-Unis;anninc;1995;40660.9994
États-Unis;anninc;1996;42011.5899
États-Unis;anninc;1997;43634.0943
États-Unis;anninc;1998;45416.4892
États-Unis;anninc;1999;46861.3558
États-Unis;anninc;2000;48432.5086
États-Unis;anninc;2001;48267.4488
États-Unis;anninc;2002;48215.3987
États-Unis;anninc;2003;48803.5399
États-Unis;anninc;2004;50282.7067
États-Unis;anninc;2005;51423.7933
États-Unis;anninc;2006;52620.9022
États-Unis;anninc;2007;52263.7498
États-Unis;anninc;2008;50976.4677
États-Unis;anninc;2009;48480.6717
États-Unis;anninc;2010;50195.8499
États-Unis;anninc;2011;51234.6706
États-Unis;anninc;2012;52399.0789
États-Unis;anninc;2013;52745.0023
États-Unis;anninc;2014;53792.8925
États-Unis;anninc;2015;55065.4532
États-Unis;anninc;2016;54736.9011
États-Unis;anninc;2017;55506.4019
États-Unis;anninc;2018;56335.124
États-Unis;anninc;2019;56599.6079
États-Unis;anninc;2020;54356.6296
États-Unis;anninc;2021;57755.7518
États-Unis;anninc;2022;58513.437
États-Unis;agdpro;1950;
États-Unis;agdpro;1951;
États-Unis;agdpro;1952;
États-Unis;agdpro;1953;
États-Unis;agdpro;1954;
États-Unis;agdpro;1955;
États-Unis;agdpro;1956;
États-Unis;agdpro;1957;
États-Unis;agdpro;1958;
États-Unis;agdpro;1959;
États-Unis;agdpro;1960;25034.1271
États-Unis;agdpro;1961;25413.3152
États-Unis;agdpro;1962;26658.0295
États-Unis;agdpro;1963;27495.9834
États-Unis;agdpro;1964;28659.0726
États-Unis;agdpro;1965;30138.2202
États-Unis;agdpro;1966;31737.2801
États-Unis;agdpro;1967;32226.4164
États-Unis;agdpro;1968;33163.6034
États-Unis;agdpro;1969;33646.6656
États-Unis;agdpro;1970;33074.6758
États-Unis;agdpro;1971;33349.1708
États-Unis;agdpro;1972;34379.3804
États-Unis;agdpro;1973;35666.3405
États-Unis;agdpro;1974;34863.0568
États-Unis;agdpro;1975;34138.8731
États-Unis;agdpro;1976;35342.7066
États-Unis;agdpro;1977;36304.19
États-Unis;agdpro;1978;37589.7169
États-Unis;agdpro;1979;38039.8833
États-Unis;agdpro;1980;37165.2801
États-Unis;agdpro;1981;37465.6413
États-Unis;agdpro;1982;36215.1259
États-Unis;agdpro;1983;37293.7918
États-Unis;agdpro;1984;39406.6258
États-Unis;agdpro;1985;40412.3342
États-Unis;agdpro;1986;41229.677
États-Unis;agdpro;1987;42173.6206
États-Unis;agdpro;1988;43492.7939
États-Unis;agdpro;1989;44664.1412
États-Unis;agdpro;1990;44931.6749
États-Unis;agdpro;1991;44264.2738
États-Unis;agdpro;1992;45206.3748
États-Unis;agdpro;1993;45884.0131
États-Unis;agdpro;1994;47210.5572
États-Unis;agdpro;1995;47931.5333
États-Unis;agdpro;1996;49191.8765
États-Unis;agdpro;1997;50751.6254
États-Unis;agdpro;1998;52409.0378
États-Unis;agdpro;1999;54233.7953
États-Unis;agdpro;2000;55769.589
États-Unis;agdpro;2001;55694.857
États-Unis;agdpro;2002;55984.9127
États-Unis;agdpro;2003;56873.4386
États-Unis;agdpro;2004;58377.0191
États-Unis;agdpro;2005;59689.9136
États-Unis;agdpro;2006;60634.2667
États-Unis;agdpro;2007;61153.8417
États-Unis;agdpro;2008;60553.7336
États-Unis;agdpro;2009;58260.1778
États-Unis;agdpro;2010;59189.7893
États-Unis;agdpro;2011;59704.041
États-Unis;agdpro;2012;60296.7101
États-Unis;agdpro;2013;61125.2456
États-Unis;agdpro;2014;61891.8117
États-Unis;agdpro;2015;63583.6895
États-Unis;agdpro;2016;63845.2174
États-Unis;agdpro;2017;64868.2609
États-Unis;agdpro;2018;66159.1111
États-Unis;agdpro;2019;67082.5119
États-Unis;agdpro;2020;64700.0286
États-Unis;agdpro;2021;68262.1855
États-Unis;agdpro;2022;69175.2808
